{
  "timestamp": "20251203_163123",
  "solve_time_seconds": 0.008753299713134766,
  "model_summary": {
    "line_count": 5,
    "zone_count": 5,
    "stop_count": 12,
    "sync_pair_count": 5,
    "planning_horizon": 239
  },
  "solver_results": {
    "status": "OPTIMAL",
    "objective_value": 9.6,
    "runtime": 0.007999897003173828,
    "mip_gap": 0.0,
    "node_count": 1.0,
    "synchronization_count": 0,
    "optimal": true
  },
  "timetables": {
    "L01O": {
      "first_departure": 1.0,
      "dwell_times": {
        "Z001": 0.0,
        "Z003": 0.0,
        "Z005": 0.0
      },
      "arrival_times": {
        "Z001_1": 1.0,
        "Z001_2": 16.0,
        "Z001_3": 31.0,
        "Z003_1": 1.0,
        "Z003_2": 16.0,
        "Z003_3": 31.0,
        "Z005_1": 1.0,
        "Z005_2": 16.0,
        "Z005_3": 31.0
      }
    },
    "L02I": {
      "first_departure": -0.0,
      "dwell_times": {
        "Z001": 0.0,
        "Z003": 1.0,
        "Z005": 0.0
      },
      "arrival_times": {
        "Z001_1": 1.0,
        "Z001_2": 21.0,
        "Z001_3": 41.0,
        "Z003_1": 0.0,
        "Z003_2": 20.0,
        "Z003_3": 40.0,
        "Z005_1": 0.0,
        "Z005_2": 20.0,
        "Z005_3": 40.0
      }
    },
    "L03O": {
      "first_departure": 3.0,
      "dwell_times": {
        "Z001": 1.0,
        "Z002": 0.0
      },
      "arrival_times": {
        "Z001_1": 3.0,
        "Z001_2": 15.0,
        "Z001_3": 27.0,
        "Z002_1": 4.0,
        "Z002_2": 16.0,
        "Z002_3": 28.0,
        "Z004_1": 4.0,
        "Z004_2": 16.0,
        "Z004_3": 28.0
      }
    },
    "L04I": {
      "first_departure": 8.0,
      "dwell_times": {
        "Z001": 0.0,
        "Z002": 1.0
      },
      "arrival_times": {
        "Z001_1": 9.0,
        "Z001_2": 27.0,
        "Z001_3": 45.0,
        "Z002_1": 8.0,
        "Z002_2": 26.0,
        "Z002_3": 44.0,
        "Z004_1": 8.0,
        "Z004_2": 26.0,
        "Z004_3": 44.0
      }
    },
    "L05O": {
      "first_departure": 4.0,
      "dwell_times": {
        "Z001": 1.0,
        "Z003": 0.0,
        "Z005": 0.0
      },
      "arrival_times": {
        "Z001_1": 4.0,
        "Z001_2": 29.0,
        "Z001_3": 54.0,
        "Z003_1": 5.0,
        "Z003_2": 30.0,
        "Z003_3": 55.0,
        "Z004_1": 5.0,
        "Z004_2": 30.0,
        "Z004_3": 55.0,
        "Z005_1": 5.0,
        "Z005_2": 30.0,
        "Z005_3": 55.0
      }
    }
  },
  "dwell_times": {}
}