{
    "status": 2,
    "obj_val": 24.224999999999994,
    "solve_time_seconds": 0.07576274871826172,
    "data_path": ".\\data_complete\\data_small"
}