line_id,first_trip_min_time,first_trip_max_time,last_trip_min_time,last_trip_max_time,min_headway,max_headway,max_total_dwell_time
L01O,0,15,224,239,12.0,18.0,10
L02I,0,20,219,239,16.0,24.0,10
L03O,0,12,227,239,9.600000000000001,14.399999999999999,10
L04I,0,18,221,239,14.4,21.599999999999998,10
L05O,0,25,214,239,20.0,30.0,10
